code_postal;commune
13080;Aix-en-Provence
13090;Aix-en-Provence
13100;Aix-en-Provence
13290;Aix-en-Provence
13540;Aix-en-Provence
49000;Angers
49100;Angers
74000;Annecy
74370;Annecy
74600;Annecy
74940;Annecy
74960;Annecy
74100;Annemasse
06160;Antibes
06600;Antibes
33120;Arcachon
64100;Bayonne
33000;Bordeaux
33100;Bordeaux
33200;Bordeaux
33300;Bordeaux
33800;Bordeaux
14000;Caen
38000;Grenoble
38100;Grenoble
17000;La Rochelle
70120;La Rochelle
76600;Le Havre
76610;Le Havre
76620;Le Havre
59000;Lille
59160;Lille
59260;Lille
59777;Lille
59800;Lille
06500;Menton
34000;Montpellier
34070;Montpellier
34080;Montpellier
34090;Montpellier
44000;Nantes
44100;Nantes
44200;Nantes
44300;Nantes
06000;Nice
06100;Nice
06200;Nice
06300;Nice
35000;Rennes
35200;Rennes
35700;Rennes
67000;Strasbourg
67100;Strasbourg
67200;Strasbourg
74200;Thonon-les-Bains
31000;Toulouse
31100;Toulouse
31200;Toulouse
31300;Toulouse
31400;Toulouse
31500;Toulouse
69100;Villeurbanne
