site;url;titre;type;prix;rente;bouquet;age;cp;date_vente;surface;pieces;status;date_ajout
vench;https://www.vench.fr/vente-166548-un-parking-villenave-d-ornon.html;UN PARKING • Villenave-d'Ornon;Autre;3000.0;;;;33140;29/10/2026;;;future;02/10/2026
costes;https://www.costes-viager.com/acheter/meurthe-et-moselle-54/herbeviller/maison-5pieces-422554040;51 % de décote Viager occupé Ref. : 422554040 Maison - 5 pièces - 130m² proche de Lunéville (54300) Homme, 69 ans Bouquet FAI 22 936 € Rente 278 €/moi;Maison;;278.0;22936.0;69.0;54300;;;;inconnu;02/10/2026
vench;https://www.vench.fr/vente-166554-un-parking-villenave-d-ornon.html;UN PARKING • Villenave-d'Ornon;Autre;3000.0;;;;33140;29/10/2026;;;future;02/10/2026
vench;https://www.vench.fr/vente-166556-un-parking-villenave-d-ornon.html;UN PARKING • Villenave-d'Ornon;Autre;3000.0;;;;33140;29/10/2026;;;future;02/10/2026
vench;https://www.vench.fr/vente-166555-un-parking-villenave-d-ornon.html;UN PARKING • Villenave-d'Ornon;Autre;3000.0;;;;33140;29/10/2026;;;future;02/10/2026
vench;https://www.vench.fr/vente-166553-un-parking-villenave-d-ornon.html;UN PARKING • Villenave-d'Ornon;Autre;3000.0;;;;33140;29/10/2026;;;future;02/10/2026
vench;https://www.vench.fr/vente-166549-un-parking-villenave-d-ornon.html;UN PARKING • Villenave-d'Ornon;Autre;3000.0;;;;33140;29/10/2026;;;future;02/10/2026
costes;https://www.costes-viager.com/acheter/val-doise-95/deuil-la-barre/appartement-3pieces-422695058;44 % de décote Vente à terme occupée Ref. : 422695058 Appartement - 3 pièces - 68m² Deuil-la-Barre (95170) Homme, 67 ans Bouquet FAI 66 375 € Mensuali;Appartement;;;66375.0;67.0;95170;;;;inconnu;02/10/2026
costes;https://www.costes-viager.com/acheter/nord-59/vred/maison-2pieces-422659137;Vente à terme libre Ref. : 422659137 Maison - 2 pièces - 51m² Vred (59870) Bouquet FAI 8 600 € Mensualités 149 €/mois Prix d'achat (FAI) 33 600 € Loye;Maison;;;8600.0;;59870;;;;inconnu;02/10/2026
costes;https://www.costes-viager.com/acheter/herault-34/mauguio/appartement-2pieces-422634128;38 % de décote Viager occupé Ref. : 422634128 Appartement - 2 pièces - 40m² Mauguio (34130) Homme, 79 ans Bouquet FAI 97 950 € Rente 774 €/mois Valeur;Appartement;;774.0;97950.0;79.0;34130;;;;inconnu;02/10/2026
costes;https://www.costes-viager.com/acheter/savoie-73/biolle/propriete-10pieces-422673033;51 % de décote Viager occupé Ref. : 422673033 Propriété - 10 pièces - 310m² proche de Aix-les-Bains (73100) Homme, 69 ans Bouquet FAI 86 000 € Rente 1;Autre;;1024.0;86000.0;69.0;73100;;;;inconnu;02/10/2026
costes;https://www.costes-viager.com/acheter/eure-27/pont-audemer/appartement-3pieces-422627073;44 % de décote Viager occupé Ref. : 422627073 Appartement - 3 pièces - 48m² Pont-Audemer (27500) Homme, 74 ans Bouquet FAI 34 975 € Rente 186 €/mois V;Appartement;;186.0;34975.0;74.0;27500;;;;inconnu;02/10/2026
costes;https://www.costes-viager.com/acheter/seine-et-marne-77/mitry-mory/maison-6pieces-422677111;39 % de décote Viager occupé Ref. : 422677111 Maison - 6 pièces - 164m² Mitry-Mory (77290) Homme, 77 ans Bouquet FAI 99 813 € Rente 1 564 €/mois Valeu;Maison;;1564.0;99813.0;77.0;77290;;;;inconnu;02/10/2026
encheres_immo;https://encheres-immo.com/annonce/exclusivite-%E2%80%93-vue-mer-panoramique-%E2%80%93-esplanade-saint-benoit-a-la-baule-la-baule-escoublac-44500-4246;;Autre;650000.0;;;;44500;;;;inconnu;02/10/2026
vench;https://www.vench.fr/vente-166551-un-parking-villenave-d-ornon.html;UN PARKING • Villenave-d'Ornon;Autre;3000.0;;;;33140;29/10/2026;;;future;02/10/2026
vench;https://www.vench.fr/vente-166523-un-appartement-et-une-cave-conflans-sainte-honorine.html;UN APPARTEMENT ET UNE CAVE • 68,64m² • Conflans-Sainte-Honorine;Appartement;;;;;78700;04/11/2026;68,64;;future;02/10/2026
vench;https://www.vench.fr/vente-166519-une-maison-dhabitation-genay.html;UNE MAISON D’HABITATION • 162,1m² • Genay;Maison;;;;;69730;22/10/2026;162,1;;future;02/10/2026
vench;https://www.vench.fr/vente-166522-un-ensemble-immobilier-montchauvet.html;UN ENSEMBLE IMMOBILIER • Montchauvet;Immeuble;;;;;78790;04/11/2026;;;future;02/10/2026
vench;https://www.vench.fr/vente-166520-une-maison-dhabitation-avec-jardin-flourens.html;UNE MAISON D’HABITATION AVEC JARDIN • Flourens;Maison;;;;;31130;05/11/2026;;;future;02/10/2026
vench;https://www.vench.fr/vente-166524-une-villa-venejan.html;UNE VILLA • Vénéjan;Maison;24400.0;;;;30200;22/10/2026;;;future;02/10/2026
vench;https://www.vench.fr/vente-166526-un-appartement-et-un-parking-perpignan.html;UN APPARTEMENT ET UN PARKING • Perpignan;Appartement;;;;;66000;23/10/2026;;;future;02/10/2026
vench;https://www.vench.fr/vente-166521-une-maison-de-9-pp-bazemont.html;UNE MAISON DE 9 PP • 212m² • Bazemont;Maison;;;;;78580;04/11/2026;212;;future;02/10/2026
vench;https://www.vench.fr/vente-166527-un-appartement-de-type-f1-bis-perpignan.html;UN APPARTEMENT DE TYPE F1 BIS • Perpignan;Appartement;;;;;66000;23/10/2026;;;future;02/10/2026
vench;https://www.vench.fr/vente-166517-une-maison-d-habitation-sainte-foy-les-lyon.html;UNE MAISON D'HABITATION • 235,64m² • Sainte-Foy-lès-Lyon;Maison;;;;;69110;22/10/2026;235,64;;future;02/10/2026
vench;https://www.vench.fr/vente-166513-une-maison-a-usage-d-habitation-sainte-orse.html;UNE MAISON À USAGE D'HABITATION • Sainte-Orse;Maison;;;;;24210;03/11/2026;;;future;02/10/2026
vench;https://www.vench.fr/vente-166511-une-maison-a-usage-d-habitation-pomponne.html;UNE MAISON À USAGE D'HABITATION • Pomponne;Maison;55440.0;;;;77400;05/11/2026;;;future;02/10/2026
vench;https://www.vench.fr/vente-166507-maison-a-usage-d-habitation-la-londe-les-maures.html;Maison à usage d'habitation • La Londe-les-Maures;Maison;;;;;83250;12/11/2026;;;future;02/10/2026
vench;https://www.vench.fr/vente-166510-une-maison-d-habitation-saint-pierre-quiberon.html;UNE MAISON D'HABITATION • Saint-Pierre-Quiberon;Maison;;;;;56510;09/11/2026;;;future;02/10/2026
vench;https://www.vench.fr/vente-166506-un-appartement-duplex-port-de-bouc.html;Un appartement duplex • 58,08m² • Port-de-Bouc;Appartement;;;;;13110;09/11/2026;58,08;;future;02/10/2026
vench;https://www.vench.fr/vente-166515-un-appartement-avec-une-cave-et-un-garage-lyon.html;UN APPARTEMENT AVEC UNE CAVE ET UN GARAGE • 89,36m² • Lyon;Appartement;;;;;69003;05/11/2026;89,36;;future;02/10/2026
vench;https://www.vench.fr/vente-166514-une-maison-a-usage-d-habitation-raillencourt-sainte-olle.html;UNE MAISON À USAGE D'HABITATION • Raillencourt-Sainte-Olle;Maison;;;;;59554;15/10/2026;;;future;02/10/2026
vench;https://www.vench.fr/vente-166508-un-studio-paris.html;UN STUDIO • 17,04m² • Paris;Appartement;3000.0;;;;75018;05/11/2026;17,04;;future;02/10/2026
vench;https://www.vench.fr/vente-166509-une-habitation-sur-deux-niveaux-saint-pierre-quiberon.html;UNE HABITATION SUR DEUX NIVEAUX • Saint-Pierre-Quiberon;Maison;;;;;56510;09/11/2026;;;future;02/10/2026
vench;https://www.vench.fr/vente-166518-un-appartement-villeurbanne.html;UN APPARTEMENT • 64,1m² • Villeurbanne;Appartement;;;;;69100;19/11/2026;64,1;;future;02/10/2026
vench;https://www.vench.fr/vente-166512-huit-appartements-avec-terrasse-privative-soyaux.html;HUIT APPARTEMENTS AVEC TERRASSE PRIVATIVE • Soyaux;Appartement;100000.0;;;;16800;04/11/2026;;;future;02/10/2026
encheres_immo;https://encheres-immo.com/annonce/pouilly-sur-loire-maison-ancienne-habitable-avec-fort-potentiel-pouilly-sur-loire-58150-1431;;Maison;40000.0;;;;58150;;;;inconnu;02/10/2026
vench;https://www.vench.fr/vente-166591-une-maison-d-habitation-avon.html;UNE MAISON D'HABITATION • 138,02m² • Avon;Maison;;;;;79800;09/11/2026;138,02;;future;02/10/2026
vench;https://www.vench.fr/vente-166583-dix-emplacements-couverts-pour-voiture-asnieres-sur-seine.html;DIX EMPLACEMENTS COUVERTS POUR VOITURE • Asnières-sur-Seine;Autre;;;;;92600;05/11/2026;;;future;02/10/2026
vench;https://www.vench.fr/vente-166590-un-box-le-mee-sur-seine.html;UN BOX • Le Mée-sur-Seine;Autre;;;;;77350;05/11/2026;;;future;02/10/2026
vench;https://www.vench.fr/vente-166593-une-maison-individuelle-ahun.html;UNE MAISON INDIVIDUELLE • 281m² • Ahun;Maison;10000.0;;;;23150;29/10/2026;281;;future;02/10/2026
vench;https://www.vench.fr/vente-166594-une-maison-sainte-feyre.html;UNE MAISON • Sainte-Feyre;Maison;2620.0;;;;23000;29/09/2026;124,42;;future;02/10/2026
vench;https://www.vench.fr/vente-166584-un-logement-de-2pp-bagnolet.html;UN LOGEMENT DE 2PP • 41,86m² • Bagnolet;Appartement;;;;;93170;03/11/2026;41,86;;future;02/10/2026
vench;https://www.vench.fr/vente-166582-un-appartement-chaville.html;UN APPARTEMENT • 42,08m² • Chaville;Appartement;;;;;92370;05/11/2026;42,08;;future;02/10/2026
vench;https://www.vench.fr/vente-166587-un-pavillon-villeneuve-saint-georges.html;UN PAVILLON • Villeneuve-Saint-Georges;Appartement;20000.0;;;;94190;05/11/2026;;;future;02/10/2026
vench;https://www.vench.fr/vente-166592-un-appartement-de-5273-m-garges-les-gonesse.html;UN APPARTEMENT DE 52,73 M² • Garges-lès-Gonesse;Appartement;;;;;95140;17/11/2026;52,73;;future;02/10/2026
vench;https://www.vench.fr/vente-166585-deux-logements-saint-denis.html;DEUX LOGEMENTS • Saint-Denis;Appartement;;;;;93200;10/11/2026;;;future;02/10/2026
vench;https://www.vench.fr/vente-166588-un-bureau-lieusaint.html;UN BUREAU • 63,2m² • Lieusaint;Autre;;;;;77127;05/11/2026;63,2;;future;02/10/2026
vench;https://www.vench.fr/vente-166589-un-bureau-lieusaint.html;UN BUREAU • 59m² • Lieusaint;Autre;;;;;77127;05/11/2026;59;;future;02/10/2026
vench;https://www.vench.fr/vente-166580-un-appartement-de-4412-m-beaumettes.html;UN APPARTEMENT DE 44,12 M² • Beaumettes;Appartement;3000.0;;;;84220;19/11/2026;44,12;;future;02/10/2026
vench;https://www.vench.fr/vente-166571-un-ensemble-immobilier-soulac-sur-mer.html;UN ENSEMBLE IMMOBILIER • Soulac-sur-Mer;Immeuble;;;;;33780;12/11/2026;;;future;02/10/2026
vench;https://www.vench.fr/vente-166566-un-appartement-et-une-cave-saint-etienne.html;UN APPARTEMENT ET UNE CAVE • Saint-Étienne;Appartement;;;;;42100;05/11/2026;;;future;02/10/2026
vench;https://www.vench.fr/vente-166569-un-appartement-t2-rennes.html;UN APPARTEMENT T2 • 27,41m² • Rennes;Appartement;;;;;35000;19/11/2026;27,41;;future;02/10/2026
vench;https://www.vench.fr/vente-166570-un-ensemble-immobilier-soulac-sur-mer.html;UN ENSEMBLE IMMOBILIER • Soulac-sur-Mer;Appartement;;;;;33780;12/11/2026;;;future;02/10/2026
vench;https://www.vench.fr/vente-166578-une-maison-d-habitation-prades.html;UNE MAISON D'HABITATION • Prades;Maison;;;;;07380;12/11/2026;;;future;02/10/2026
vench;https://www.vench.fr/vente-166574-une-maison-d-habitation-avec-jardin-puygouzon.html;UNE MAISON D'HABITATION AVEC JARDIN • 89,2m² • Puygouzon;Maison;;;;;81990;13/11/2026;89,2;;future;02/10/2026
vench;https://www.vench.fr/vente-166577-une-maison-de-ville-a-usage-d-habitation-ortaffa.html;UNE MAISON DE VILLE À USAGE D'HABITATION • 81,6m² • Ortaffa;Maison;;;;;66560;13/11/2026;81,6;;future;02/10/2026
vench;https://www.vench.fr/vente-166567-un-appartement-et-une-cave-rive-de-gier.html;UN APPARTEMENT ET UNE CAVE • 72,7m² • Rive-de-Gier;Appartement;;;;;42800;19/11/2026;72,7;;future;02/10/2026
vench;https://www.vench.fr/vente-166568-un-local-a-usage-de-commerce-ou-de-bureau-marseille.html;UN LOCAL À USAGE DE COMMERCE OU DE BUREAU • Marseille;Autre;3000.0;;;;13005;04/11/2026;;;future;02/10/2026
vench;https://www.vench.fr/vente-166576-une-maison-a-usage-d-habitation-perpignan.html;UNE MAISON À USAGE D'HABITATION • 76,05m² • Perpignan;Maison;;;;;66000;13/11/2026;76,05;;future;02/10/2026
vench;https://www.vench.fr/vente-166557-un-parking-villenave-d-ornon.html;UN PARKING • Villenave-d'Ornon;Autre;3000.0;;;;33140;29/10/2026;;;future;02/10/2026
vench;https://www.vench.fr/vente-166558-un-ensemble-immobilier-a-usage-d-habitation-et-d-exploitation-agricole-mazeres.html;UN ENSEMBLE IMMOBILIER À USAGE D'HABITATION ET D'EXPLOITATION AGRICOLE • Mazères;Autre;;;;;33210;05/11/2026;;;future;02/10/2026
vench;https://www.vench.fr/vente-166559-une-propriete-rueil-malmaison.html;UNE PROPRIÉTÉ • 810m² • Rueil-Malmaison;Maison;;;;;92500;05/11/2026;810;;future;02/10/2026
vench;https://www.vench.fr/vente-166563-un-appartement-et-un-box-a-scooters-la-seyne-sur-mer.html;UN APPARTEMENT ET UN BOX À SCOOTERS • 56,3m² • La Seyne-sur-Mer;Appartement;;;;;83500;12/11/2026;56,3;;future;02/10/2026
vench;https://www.vench.fr/vente-166560-un-appartement-sevran.html;UN APPARTEMENT • 51,46m² • Sevran;Appartement;;;;;93270;10/11/2026;51,46;;future;02/10/2026
vench;https://www.vench.fr/vente-166565-un-appartement-et-une-cave-saint-etienne.html;UN APPARTEMENT ET UNE CAVE • 53,81m² • Saint-Etienne;Appartement;;;;;42000;05/11/2026;53,81;;future;02/10/2026
vench;https://www.vench.fr/vente-166562-une-maison-de-plain-pied-a-usage-dhabitation-vence.html;UNE MAISON DE PLAIN-PIED À USAGE D’HABITATION • Vence;Maison;120000.0;;;;06140;19/11/2026;;;future;02/10/2026
vench;https://www.vench.fr/vente-166564-un-batiment-industriel-a-usage-de-transports-saint-germain-laval.html;UN BATIMENT INDUSTRIEL A USAGE DE TRANSPORTS • Saint-Germain-Laval;Autre;;;;;42260;04/11/2026;;;future;02/10/2026
vench;https://www.vench.fr/vente-166561-une-propriete-menton.html;UNE PROPRIÉTÉ • Menton;Maison;;;;;06500;05/11/2026;;;future;02/10/2026
vench;https://www.vench.fr/vente-166543-un-appartement-chaveignes.html;UN APPARTEMENT • Chaveignes;Appartement;;;;;37120;10/11/2026;;;future;02/10/2026
vench;https://www.vench.fr/vente-166542-une-parcelle-en-nature-de-vigne-belleville-en-beaujolais.html;UNE PARCELLE EN NATURE DE VIGNE • Belleville-en-Beaujolais;Terrain;3000.0;;;;69220;05/11/2026;;;future;02/10/2026
vench;https://www.vench.fr/vente-166547-un-appartement-de-2pp-paris.html;UN APPARTEMENT DE 2PP • Paris;Appartement;;;;;75018;29/10/2026;;;future;02/10/2026
vench;https://www.vench.fr/vente-166544-un-ensemble-immobilier-chaveignes.html;UN ENSEMBLE IMMOBILIER • Chaveignes;Appartement;;;;;37120;10/11/2026;;;future;02/10/2026
vench;https://www.vench.fr/vente-166545-une-maison-d-habitation-pamproux.html;UNE MAISON D'HABITATION • Pamproux;Maison;;;;;79800;09/11/2026;;;future;02/10/2026
vench;https://www.vench.fr/vente-166546-un-ensemble-immobilier-plouisy.html;UN ENSEMBLE IMMOBILIER • Plouisy;Maison;;;;;22200;03/11/2026;;;future;02/10/2026
vench;https://www.vench.fr/vente-166533-une-maison-a-usage-dhabitation-arles.html;UNE MAISON À USAGE D’HABITATION • 105,6m² • Arles;Maison;4800.0;;;;13200;09/11/2026;105,6;;future;02/10/2026
vench;https://www.vench.fr/vente-166530-un-appartement-neuilly-sur-marne.html;UN APPARTEMENT • 97,79m² • Neuilly-sur-Marne;Appartement;;;;;93330;03/11/2026;97,79;;future;02/10/2026
vench;https://www.vench.fr/vente-166532-un-appartement-salon-de-provence.html;UN APPARTEMENT • Salon-de-Provence;Appartement;4000.0;;;;13300;09/11/2026;;;future;02/10/2026
vench;https://www.vench.fr/vente-166538-un-appartement-paris.html;UN APPARTEMENT • 124,92m² • Paris;Appartement;3000.0;;;;75016;15/10/2026;124,92;;future;02/10/2026
vench;https://www.vench.fr/vente-166537-une-maison-d-habitation-savigny-le-temple.html;UNE MAISON D'HABITATION • 20,7m² • Savigny-le-Temple;Maison;;;;;77176;05/11/2026;20,7;;future;02/10/2026
vench;https://www.vench.fr/vente-166531-un-appartement-de-3944-m-bondy.html;Un appartement de 39,44 m² • Bondy;Appartement;;;;;93140;17/11/2026;39,44;;future;02/10/2026
vench;https://www.vench.fr/vente-166529-une-maison-bourgeoise-a-usage-d-habitation-chalon-sur-saone.html;UNE MAISON BOURGEOISE À USAGE D'HABITATION • 349m² • Chalon-sur-Saône;Maison;;;;;71100;27/10/2026;349;;future;02/10/2026
vench;https://www.vench.fr/vente-166539-un-appartement-mantes-la-jolie.html;UN APPARTEMENT • 39,17m² • Mantes-la-Jolie;Appartement;;;;;78200;04/11/2026;39,17;;future;02/10/2026
vench;https://www.vench.fr/vente-166536-une-maison-a-usage-dhabitation-signes.html;UNE MAISON A USAGE D’HABITATION • 115,94m² • Signes;Maison;;;;;83870;09/11/2026;115,94;;future;02/10/2026
vench;https://www.vench.fr/vente-166541-une-maison-individuelle-dunkerque.html;UNE MAISON INDIVIDUELLE • 116,5m² • Dunkerque;Maison;;;;;59640;06/11/2026;116,5;;future;02/10/2026
vench;https://www.vench.fr/vente-166540-une-maison-d-habitation-les-sables-d-olonne.html;UNE MAISON D'HABITATION • Les Sables-d'Olonne;Maison;;;;;85100;06/11/2026;;;future;02/10/2026
vench;https://www.vench.fr/vente-166528-une-maison-marignier.html;UNE MAISON • 410,27m² • Marignier;Maison;;;;;74970;05/11/2026;410,27;;future;02/10/2026
costes;https://www.costes-viager.com/acheter/val-doise-95/argenteuil/maison-4pieces-422695048;27 % de décote Vente à terme occupée Ref. : 422695048 Maison - 4 pièces - 90m² Argenteuil (95100) Homme, 80 ans Bouquet FAI 124 800 € Mensualités 935 ;Maison;;;124800.0;80.0;95100;;;;inconnu;02/10/2026
vench;https://www.vench.fr/vente-166579-un-appartement-de-4573-m-beaumettes.html;UN APPARTEMENT DE 45,73 M² • Beaumettes;Appartement;3000.0;;;;84220;19/11/2026;45,73;;future;02/10/2026
costes;https://www.costes-viager.com/acheter/manche-50/pontorson/maison-4pieces-422650051;Viager libre Ref. : 422650051 Maison - 4 pièces - 65m² Pontorson (50170) Bouquet FAI 32 600 € Rente 571 €/mois Valeur du bien 120 000 € Plus de détail;Maison;;571.0;32600.0;;50170;;;;inconnu;02/10/2026
costes;https://www.costes-viager.com/acheter/loire-atlantique-44/chateaubriant/maison-4pieces-422644112;58 % de décote Viager occupé Ref. : 422644112 Maison - 4 pièces - 112m² Châteaubriant (44110) Homme, 63 ans Bouquet FAI 75 948 € Rente 176 €/mois Vale;Maison;;176.0;75948.0;63.0;44110;;;;inconnu;02/10/2026
costes;https://www.costes-viager.com/acheter/cote-dor-21/vitteaux/maison-2pieces-422621047;Vente à terme libre Ref. : 422621047 Maison - 2 pièces - 56m² Vitteaux (21350) Bouquet FAI 22 800 € Mensualités 229 €/mois Prix d'achat (FAI) 44 800 €;Maison;;;22800.0;;21350;;;;inconnu;02/10/2026
costes;https://www.costes-viager.com/acheter/tarn-81/payrin-augmontel/maison-4pieces-422681006;51 % de décote Viager occupé Ref. : 422681006 Maison - 4 pièces - 80m² proche de Castres (81100) Homme, 69 ans Bouquet FAI 24 250 € Rente 351 €/mois V;Maison;;351.0;24250.0;69.0;81100;;;;inconnu;02/10/2026
costes;https://www.costes-viager.com/acheter/isere-38/fitilieu/maison-5pieces-422538046;49 % de décote Viager occupé Ref. : 422538046 Maison - 5 pièces - 100m² proche de Paladru (38850) Homme, 73 ans Homme, 73 ans Bouquet FAI 59 950 € Ren;Maison;;394.0;59950.0;73.0;38850;;;;inconnu;02/10/2026
costes;https://www.costes-viager.com/acheter/deux-sevres-79/brioux-sur-boutonne/maison-7pieces-422579015;26 % de décote Viager occupé Ref. : 422579015 Maison - 7 pièces - 175m² Brioux-sur-Boutonne (79170) Homme, 91 ans Bouquet FAI 59 000 € Rente 1 533 €/m;Maison;;1533.0;59000.0;91.0;79170;;;;inconnu;02/10/2026
costes;https://www.costes-viager.com/acheter/landes-40/saint-loubouer/maison-5pieces-422640122;Vente à terme libre Ref. : 422640122 Maison - 5 pièces - 85m² proche de Eugénie-les-Bains (40320) Bouquet FAI 17 800 € Mensualités 458 €/mois Prix d'a;Maison;;;17800.0;;40320;;;;inconnu;02/10/2026
encheres_immo;https://encheres-immo.com/annonce/maison-7-chambres-vue-degagee-saint-lo-%E2%80%93-proche-haras-saint-lo-50000-3635;;Maison;319000.0;;;;50000;;;;inconnu;02/10/2026
encheres_immo;https://encheres-immo.com/annonce/vs1291-carcassonne-11000-3316;;Autre;;;;;11000;;;;inconnu;02/10/2026
costes;https://www.costes-viager.com/acheter/jura-39/arbois/maison-15pieces-422639003;27 % de décote Viager occupé Ref. : 422639003 Maison - 15 pièces - 388m² Arbois (39600) Femme, 92 ans Bouquet FAI 144 485 € Rente 1 199 €/mois Valeur ;Maison;;1199.0;144485.0;92.0;39600;;;;inconnu;02/10/2026
costes;https://www.costes-viager.com/acheter/eure-27/sainte-colombe-la-commanderie/maison-3pieces-422027025;47 % de décote Viager occupé Ref. : 422027025 Maison - 3 pièces - 63m² proche de Le Neubourg (27110) Homme, 72 ans Bouquet FAI 33 650 € Rente 300 €/mo;Maison;;300.0;33650.0;72.0;27110;;;;inconnu;02/10/2026
costes;https://www.costes-viager.com/acheter/bouches-du-rhone-13/marseille-4e-arrondissement/appartement-4pieces-422613232;47 % de décote Viager occupé Ref. : 422613232 Appartement - 4 pièces - 89m² Marseille (13004) Homme, 72 ans Bouquet FAI 71 675 € Rente 523 €/mois Vale;Appartement;;523.0;71675.0;72.0;13004;;;;inconnu;02/10/2026
costes;https://www.costes-viager.com/acheter/gironde-33/gradignan/appartement-3pieces-422633251;42 % de décote Viager occupé Ref. : 422633251 Appartement - 3 pièces - 57m² Gradignan (33170) Homme, 76 ans Bouquet FAI 27 100 € Rente 684 €/mois Vale;Appartement;;684.0;27100.0;76.0;33170;;;;inconnu;02/10/2026
costes;https://www.costes-viager.com/acheter/gard-30/grau-du-roi/appartement-2pieces-422630076;Viager libre Ref. : 422630076 Appartement - 2 pièces - 31m² Le Grau-du-Roi (30240) Homme, 79 ans Homme, 76 ans Bouquet FAI 97 100 € Rente 1 170 €/mois;Appartement;;1170.0;97100.0;79.0;30240;;;;inconnu;02/10/2026
encheres_immo;https://encheres-immo.com/annonce/besancon-hauts-des-chaprais-t3-avec-stationnement-exterieur-besancon-25000-1429;;Appartement;100000.0;;;;25000;;;;inconnu;02/10/2026
vench;https://www.vench.fr/vente-166607-une-maison-d-habitation-le-mans.html;UNE MAISON D'HABITATION • Le Mans;Maison;;;;;72000;10/11/2026;;;future;02/10/2026
vench;https://www.vench.fr/vente-166603-une-propriete-pontivy.html;UNE PROPRIÉTÉ • Pontivy;Maison;;;;;56300;09/11/2026;;;future;02/10/2026
vench;https://www.vench.fr/vente-166608-une-maison-d-habitation-beaufay.html;UNE MAISON D'HABITATION • Beaufay;Maison;;;;;72110;10/11/2026;;;future;02/10/2026
vench;https://www.vench.fr/vente-166606-une-parcelle-tourrettes.html;UNE PARCELLE • Tourrettes;Autre;;;;;83440;26/10/2026;501;;future;02/10/2026
vench;https://www.vench.fr/vente-166602-un-immeuble-aixe-sur-vienne.html;UN IMMEUBLE • Aixe-sur-Vienne;Immeuble;;;;;87700;16/11/2026;;;future;02/10/2026
vench;https://www.vench.fr/vente-166612-une-maison-ancienne-d-habitation-fresnoy-la-riviere.html;UNE MAISON ANCIENNE D'HABITATION • 115,79m² • Fresnoy-la-Rivière;Maison;;;;;60127;10/11/2026;115,79;;future;02/10/2026
vench;https://www.vench.fr/vente-166610-des-biens-immobiliers-beaufay.html;DES BIENS IMMOBILIERS • Beaufay;Immeuble;;;;;72110;10/11/2026;;;future;02/10/2026
vench;https://www.vench.fr/vente-166604-une-maison-dhabitation-ifs.html;UNE MAISON D’HABITATION • Ifs;Maison;;;;;14123;05/11/2026;;;future;02/10/2026
vench;https://www.vench.fr/vente-166611-un-appartement-de-4pp-avec-balcon-montfermeil.html;UN APPARTEMENT DE 4PP AVEC BALCON • Montfermeil;Appartement;;;;;93370;03/11/2026;;;future;02/10/2026
vench;https://www.vench.fr/vente-166601-une-maison-d-habitation-bourges.html;UNE MAISON D'HABITATION • 99,51m² • Bourges;Maison;;;;;18000;28/10/2026;99,51;;future;02/10/2026
vench;https://www.vench.fr/vente-166605-une-maison-dhabitation-cesny-les-sources.html;UNE MAISON D’HABITATION • Cesny-les-Sources;Maison;;;;;14220;05/11/2026;;;future;02/10/2026
vench;https://www.vench.fr/vente-166600-une-maison-a-usage-d-habitation-saint-germain-chassenay.html;UNE MAISON À USAGE D'HABITATION • Saint-Germain-Chassenay;Maison;8000.0;;;;58300;27/10/2026;;;future;02/10/2026
vench;https://www.vench.fr/vente-166598-un-immeuble-villeurbanne.html;UN IMMEUBLE • Villeurbanne;Immeuble;;;;;69100;05/11/2026;;;future;02/10/2026
vench;https://www.vench.fr/vente-166596-un-appartement-saint-denis.html;UN APPARTEMENT • 60,48m² • Saint-Denis;Appartement;;;;;93200;03/11/2026;60,48;;future;02/10/2026
vench;https://www.vench.fr/vente-166599-une-maison-saint-pierre-de-chandieu.html;UNE MAISON • 202,96m² • Saint-Pierre-de-Chandieu;Maison;;;;;69780;12/11/2026;202,96;;future;02/10/2026
costes;https://www.costes-viager.com/acheter/orne-61/neuilly-sur-eure/maison-4pieces-422575262;Vente à terme libre Ref. : 422575262 Maison - 4 pièces - 90m² Neuilly-sur-Eure (61290) Bouquet FAI 40 500 € Mensualités 1 000 €/mois Prix d'achat (FAI;Maison;;;40500.0;;61290;;;;inconnu;02/10/2026
costes;https://www.costes-viager.com/acheter/haute-corse-2b/casevecchie/maison-3pieces-422520021;39 % de décote Viager occupé Ref. : 422520021 Maison - 3 pièces - 70m² Casevecchie (20270) Homme, 78 ans Bouquet FAI 46 055 € Rente 572 €/mois Valeur ;Maison;;572.0;46055.0;78.0;20270;;;;inconnu;02/10/2026
costes;https://www.costes-viager.com/acheter/haut-rhin-68/pulversheim/maison-0piece-422668071;51 % de décote Viager occupé Ref. : 422668071 Maison - 0 pièces - 86m² Pulversheim (68840) Homme, 69 ans Bouquet FAI 37 100 € Rente 377 €/mois Valeur ;Maison;;377.0;37100.0;69.0;68840;;;;inconnu;02/10/2026
costes;https://www.costes-viager.com/acheter/pyrenees-atlantiques-64/sevignacq/maison-5pieces-422664043;40 % de décote Viager occupé Ref. : 422664043 Maison - 5 pièces - 100m² Sévignacq (64160) Homme, 77 ans Bouquet FAI 50 390 € Rente 462 €/mois Valeur d;Maison;;462.0;50390.0;77.0;64160;;;;inconnu;02/10/2026
costes;https://www.costes-viager.com/acheter/bouches-du-rhone-13/ciotat/appartement-2pieces-422613217;58 % de décote Viager occupé Ref. : 422613217 Appartement - 2 pièces - 55m² La Ciotat (13600) Homme, 63 ans Bouquet FAI 50 900 € Rente 291 €/mois Vale;Appartement;;291.0;50900.0;63.0;13600;;;;inconnu;02/10/2026
costes;https://www.costes-viager.com/acheter/haut-rhin-68/mulhouse/maison-4pieces-422568069;34 % de décote Viager occupé Ref. : 422568069 Maison - 4 pièces - 96m² Mulhouse (68200) Homme, 82 ans Bouquet FAI 56 675 € Rente 1 292 €/mois Valeur d;Maison;;1292.0;56675.0;82.0;68200;;;;inconnu;02/10/2026
encheres_immo;https://encheres-immo.com/annonce/toulouse-sept-deniers-maison-familiale-164-m2-%E2%80%93-4-chambres-%E2%80%93-jardin-maison-5-pieces-164-m2-649-000-euro-toulouse-31200-4541;;Maison;649000.0;;;;31200;;164;5.0;inconnu;02/10/2026
vench;https://www.vench.fr/vente-166624-un-immeuble-chasseneuil-sur-bonnieure.html;UN IMMEUBLE • Chasseneuil-sur-Bonnieure;Immeuble;3000.0;;;;16260;18/11/2026;;;future;02/10/2026
vench;https://www.vench.fr/vente-166629-un-appartement-avec-une-cave-et-un-garage-bihorel.html;UN APPARTEMENT AVEC UNE CAVE ET UN GARAGE • 86,1m² • Bihorel;Appartement;;;;;76420;06/11/2026;86,1;;future;02/10/2026
vench;https://www.vench.fr/vente-166620-maison-dhabitation-de-14879-m-les-pavillons-sous-bois.html;MAISON D’HABITATION DE 148,79 M² • Les Pavillons-sous-Bois;Maison;;;;;93320;17/11/2026;148,79;;future;02/10/2026
vench;https://www.vench.fr/vente-166631-une-maison-a-usage-d-habitation-avignon.html;UNE MAISON À USAGE D'HABITATION • 65,21m² • Avignon;Maison;;;;;84000;19/11/2026;65,21;;future;02/10/2026
vench;https://www.vench.fr/vente-166622-une-boutique-limoges.html;UNE BOUTIQUE • 148m² • Limoges;Autre;;;;;87280;02/11/2026;148;;future;02/10/2026
vench;https://www.vench.fr/vente-166628-un-ensemble-proissans.html;UN ENSEMBLE • Proissans;Terrain;;;;;24200;20/11/2026;;;future;02/10/2026
vench;https://www.vench.fr/vente-166627-un-ensemble-immobilier-proissans.html;UN ENSEMBLE IMMOBILIER • Proissans;Immeuble;;;;;24200;20/11/2026;;;future;02/10/2026
vench;https://www.vench.fr/vente-166619-un-terrain-rosny-sous-bois.html;Un terrain • Rosny-sous-Bois;Terrain;;;;;93110;10/11/2026;;;future;02/10/2026
vench;https://www.vench.fr/vente-166623-un-bien-a-usage-commercial-nonards.html;UN BIEN À USAGE COMMERCIAL • Nonards;Autre;;;;;19120;09/11/2026;;;future;02/10/2026
vench;https://www.vench.fr/vente-166630-une-maison-a-usage-d-habitation-lens.html;UNE MAISON À USAGE D'HABITATION • Lens;Maison;;;;;62300;12/11/2026;;;future;02/10/2026
vench;https://www.vench.fr/vente-166621-un-appartement-de-6706m-epinay-sur-seine.html;UN APPARTEMENT DE 67,06M² • Epinay-sur-Seine;Appartement;;;;;93800;10/11/2026;67,06;;future;02/10/2026
vench;https://www.vench.fr/vente-166625-un-immeuble-a-usage-d-habitation-villetoureix.html;UN IMMEUBLE À USAGE D'HABITATION • Villetoureix;Immeuble;;;;;24600;03/11/2026;;;future;02/10/2026
vench;https://www.vench.fr/vente-166614-une-maison-d-habitation-pont-sur-seine.html;UNE MAISON D'HABITATION • 99,07m² • Pont-sur-Seine;Maison;;;;;10400;10/11/2026;99,07;;future;02/10/2026
vench;https://www.vench.fr/vente-166617-une-maison-a-usage-d-habitation-evreux.html;UNE MAISON À USAGE D'HABITATION • Evreux;Maison;;;;;27000;02/11/2026;;;future;02/10/2026
vench;https://www.vench.fr/vente-166613-une-maison-a-usage-d-habitation-pinon.html;UNE MAISON À USAGE D'HABITATION • Pinon;Maison;;;;;02320;17/11/2026;;;future;02/10/2026
vench;https://www.vench.fr/vente-166618-un-pavillon-d-habitation-fosses.html;UN PAVILLON D'HABITATION • 95,26m² • Fosses;Maison;;;;;95470;17/11/2026;95,26;;future;02/10/2026
vench;https://www.vench.fr/vente-166615-un-appartement-de-type-3-et-une-cave-troyes.html;UN APPARTEMENT DE TYPE 3 ET UNE CAVE • 64,03m² • Troyes;Appartement;3000.0;;;;10000;10/11/2026;64,03;;future;02/10/2026
vench;https://www.vench.fr/vente-166616-un-pavillon-d-habitation-bercenay-le-hayer.html;UN PAVILLON D'HABITATION • Bercenay-le-Hayer;Maison;;;;;10290;10/11/2026;;;future;02/10/2026
costes;https://www.costes-viager.com/acheter/pyrenees-orientales-66/pia/maison-3pieces-422366133;35 % de décote Viager occupé Ref. : 422366133 Maison - 3 pièces - 77m² proche de Perpignan (66000) Homme, 81 ans Bouquet FAI 45 390 € Rente 684 €/mois;Maison;;684.0;45390.0;81.0;66000;;;;inconnu;02/10/2026
costes;https://www.costes-viager.com/acheter/isere-38/saint-pierre-de-chartreuse/maison-4pieces-422538057;44 % de décote Vente en nue propriété Ref. : 422538057 Maison - 4 pièces - 80m² proche de Saint-Pierre-d'Entremont (73670) Homme, 74 ans Bouquet FAI 7;Maison;;552.0;70315.0;74.0;73670;;;;inconnu;02/10/2026
costes;https://www.costes-viager.com/acheter/cotes-darmor-22/plouha/maison-3pieces-422522089;39 % de décote Viager occupé Ref. : 422522089 Maison - 3 pièces - 69m² Plouha (22580) Homme, 78 ans Bouquet FAI 35 675 € Rente 631 €/mois Valeur du bi;Maison;;631.0;35675.0;78.0;22580;;;;inconnu;02/10/2026
costes;https://www.costes-viager.com/acheter/seine-saint-denis-93/gagny/maison-0piece-422693037;Vente à terme libre Ref. : 422693037 Maison - 0 pièces - 155m² Gagny (93220) Bouquet FAI 128 400 € Mensualités 1 771 €/mois Prix d'achat (FAI) 383 400;Maison;;;128400.0;;93220;;;;inconnu;02/10/2026
costes;https://www.costes-viager.com/acheter/savoie-73/saint-pierre-dalbigny/appartement-3pieces-422573044;41 % de décote Vente en nue propriété Ref. : 422573044 Appartement - 3 pièces - 59m² proche de Montmélian (73800) Homme, 69 ans Bouquet FAI 99 790 € V;Appartement;;;99790.0;69.0;73800;;;;inconnu;02/10/2026
costes;https://www.costes-viager.com/acheter/maine-et-loire-49/mouliherne/maison-6pieces-422649020;Vente à terme libre Ref. : 422649020 Maison - 6 pièces - 185m² proche de Baugé (49150) Bouquet FAI 122 100 € Mensualités 889 €/mois Prix d'achat (FAI);Maison;;;122100.0;;49150;;;;inconnu;02/10/2026
costes;https://www.costes-viager.com/acheter/oise-60/angicourt/maison-4pieces-422660054;43 % de décote Viager occupé Ref. : 422660054 Maison - 4 pièces - 110m² Angicourt (60940) Homme, 74 ans Bouquet FAI 59 890 € Rente 640 €/mois Valeur d;Maison;;640.0;59890.0;74.0;60940;;;;inconnu;02/10/2026
costes;https://www.costes-viager.com/acheter/bas-rhin-67/herbsheim/maison-5pieces-422667086;55 % de décote Viager occupé Ref. : 422667086 Maison - 5 pièces - 120m² Herbsheim (67230) Homme, 66 ans Bouquet FAI 70 428 € Rente 240 €/mois Valeur d;Maison;;240.0;70428.0;66.0;67230;;;;inconnu;02/10/2026
costes;https://www.costes-viager.com/acheter/bouches-du-rhone-13/graveson/maison-6pieces-422613231;52 % de décote Viager occupé Ref. : 422613231 Maison - 6 pièces - 142m² Graveson (13690) Homme, 68 ans Bouquet FAI 104 225 € Rente 303 €/mois Valeur d;Maison;;303.0;104225.0;68.0;13690;;;;inconnu;02/10/2026
costes;https://www.costes-viager.com/acheter/gironde-33/teich/appartement-3pieces-422633092;Viager libre Ref. : 422633092 Appartement - 3 pièces - 54m² Le Teich (33470) Homme, 73 ans Bouquet FAI 34 310 € Rente 1 755 €/mois Valeur du bien 286 ;Appartement;;1755.0;34310.0;73.0;33470;;;;inconnu;02/10/2026
costes;https://www.costes-viager.com/acheter/bouches-du-rhone-13/marseille-15e-arrondissement/appartement-3pieces-422613014;38 % de décote Viager occupé Ref. : 422613014 Appartement - 3 pièces - 61m² Marseille (13015) Homme, 79 ans Bouquet FAI 39 100 € Rente 748 €/mois Vale;Appartement;;748.0;39100.0;79.0;13015;;;;inconnu;02/10/2026
costes;https://www.costes-viager.com/acheter/hauts-de-seine-92/issy-les-moulineaux/appartement-2pieces-422292078;Vente à terme libre Ref. : 422292078 Appartement - 2 pièces - 47m² Issy-les-Moulineaux (92130) Bouquet FAI 125 280 € Mensualités 1 500 €/mois Prix d'a;Appartement;;;125280.0;;92130;;;;inconnu;02/10/2026
costes;https://www.costes-viager.com/acheter/calvados-14/commes/maison-6pieces-422514069;39 % de décote Viager occupé Ref. : 422514069 Maison - 6 pièces - 132m² Commes (14520) Homme, 78 ans Bouquet FAI 74 172 € Rente 966 €/mois Valeur du b;Maison;;966.0;74172.0;78.0;14520;;;;inconnu;02/10/2026
costes;https://www.costes-viager.com/acheter/aisne-02/jussy/maison-9pieces-422602012;46 % de décote Viager occupé Ref. : 422602012 Maison - 9 pièces - 238m² proche de Saint-Quentin (02100) Homme, 73 ans Bouquet FAI 64 565 € Rente 745 €;Maison;;745.0;64565.0;73.0;02100;;;;inconnu;02/10/2026
costes;https://www.costes-viager.com/acheter/yvelines-78/mantes-la-jolie/appartement-4pieces-422678074;36 % de décote Viager occupé Ref. : 422678074 Appartement - 4 pièces - 72m² Mantes-la-Jolie (78200) Homme, 80 ans Bouquet FAI 119 941 € Rente 431 €/mo;Appartement;;431.0;119941.0;80.0;78200;;;;inconnu;02/10/2026
costes;https://www.costes-viager.com/acheter/haut-rhin-68/mulhouse/appartement-4pieces-422668073;49 % de décote Viager occupé Ref. : 422668073 Appartement - 4 pièces - 104m² Mulhouse (68200) Homme, 66 ans Bouquet FAI 12 680 € Rente 137 €/mois Vale;Appartement;;137.0;12680.0;66.0;68200;;;;inconnu;02/10/2026
costes;https://www.costes-viager.com/acheter/herault-34/meze/maison-4pieces-422634231;44 % de décote Viager occupé Ref. : 422634231 Maison - 4 pièces - 155m² Mèze (34140) Homme, 70 ans Bouquet FAI 55 500 € Rente 791 €/mois Valeur du bie;Maison;;791.0;55500.0;70.0;34140;;;;inconnu;02/10/2026
costes;https://www.costes-viager.com/acheter/gard-30/ales/maison-5pieces-422630149;Vente à terme libre Ref. : 422630149 Maison - 5 pièces - 167m² Alès (30100) Bouquet FAI 128 875 € Mensualités 1 583 €/mois Prix d'achat (FAI) 413 875 ;Maison;;;128875.0;;30100;;;;inconnu;02/10/2026
costes;https://www.costes-viager.com/acheter/rhone-69/lyon-5e-arrondissement/appartement-4pieces-422569116;Vente à terme libre Ref. : 422569116 Appartement - 4 pièces - 69m² Lyon (69005) Bouquet FAI 100 400 € Mensualités 1 334 €/mois Prix d'achat (FAI) 260 ;Appartement;;;100400.0;;69005;;;;inconnu;02/10/2026
costes;https://www.costes-viager.com/acheter/manche-50/montfarville/maison-7pieces-422350072;46 % de décote Viager occupé Ref. : 422350072 Maison - 7 pièces - 110m² proche de Barfleur (50760) Homme, 73 ans Bouquet FAI 54 650 € Rente 812 €/mois;Maison;;812.0;54650.0;73.0;50760;;;;inconnu;02/10/2026
costes;https://www.costes-viager.com/acheter/somme-80/ault/appartement-5pieces-422580042;Viager libre Ref. : 422580042 Appartement - 5 pièces - 114m² Ault (80460) Bouquet FAI 128 679 € Rente 804 €/mois Valeur du bien 196 618 € Plus de déta;Appartement;;804.0;128679.0;;80460;;;;inconnu;02/10/2026
costes;https://www.costes-viager.com/acheter/aveyron-12/curieres/maison-14pieces-422212004;Vente à terme libre Ref. : 422212004 Maison - 14 pièces - 300m² proche de Laguiole (12210) Bouquet FAI 140 600 € Mensualités 2 667 €/mois Prix d'achat;Maison;;;140600.0;;12210;;;;inconnu;02/10/2026
costes;https://www.costes-viager.com/acheter/ain-01/bourg-en-bresse/maison-4pieces-422601056;51 % de décote Viager occupé Ref. : 422601056 Maison - 4 pièces - 115m² Bourg-en-Bresse (01000) Homme, 68 ans Bouquet FAI 53 120 € Rente 571 €/mois Va;Maison;;571.0;53120.0;68.0;01000;;;;inconnu;02/10/2026
costes;https://www.costes-viager.com/acheter/rhone-69/lyon-5e-arrondissement/appartement-3pieces-422569169;47 % de décote Viager occupé Ref. : 422569169 Appartement - 3 pièces - 60m² Lyon (69005) Homme, 72 ans Bouquet FAI 43 810 € Rente 491 €/mois Valeur du;Appartement;;491.0;43810.0;72.0;69005;;;;inconnu;02/10/2026
costes;https://www.costes-viager.com/acheter/sarthe-72/allonnes/maison-4pieces-422672046;42 % de décote Viager occupé Ref. : 422672046 Maison - 4 pièces - 95m² proche de Le Mans (72000) Homme, 76 ans Bouquet FAI 35 746 € Rente 552 €/mois V;Maison;;552.0;35746.0;76.0;72000;;;;inconnu;02/10/2026
costes;https://www.costes-viager.com/acheter/yonne-89/percey/maison-5pieces-422589003;42 % de décote Viager occupé Ref. : 422589003 Maison - 5 pièces - 104m² proche de Saint-Florentin (89600) Homme, 76 ans Bouquet FAI 36 969 € Rente 299;Maison;;299.0;36969.0;76.0;89600;;;;inconnu;02/10/2026
costes;https://www.costes-viager.com/acheter/puy-de-dome-63/murol/maison-0piece-422663044;46 % de décote Viager occupé Ref. : 422663044 Maison - 0 pièces - 95m² proche de Chambon-sur-Lac (63790) Homme, 72 ans Bouquet FAI 67 005 € Rente 301 ;Maison;;301.0;67005.0;72.0;63790;;;;inconnu;02/10/2026
costes;https://www.costes-viager.com/acheter/gard-30/clarensac/maison-3pieces-422630071;39 % de décote Viager occupé Ref. : 422630071 Maison - 3 pièces - 80m² Clarensac (30870) Homme, 77 ans Bouquet FAI 44 650 € Rente 1 228 €/mois Valeur ;Maison;;1228.0;44650.0;77.0;30870;;;;inconnu;02/10/2026
costes;https://www.costes-viager.com/acheter/bas-rhin-67/strasbourg/appartement-4pieces-422667081;60 % de décote Viager occupé Ref. : 422667081 Appartement - 4 pièces - 92m² Strasbourg (67200) Homme, 61 ans Bouquet FAI 52 398 € Rente 332 €/mois Val;Appartement;;332.0;52398.0;61.0;67200;;;;inconnu;02/10/2026
costes;https://www.costes-viager.com/acheter/gironde-33/vayres/maison-4pieces-422633187;48 % de décote Viager occupé Ref. : 422633187 Maison - 4 pièces - 109m² Vayres (33870) Homme, 71 ans Bouquet FAI 62 100 € Rente 559 €/mois Valeur du b;Maison;;559.0;62100.0;71.0;33870;;;;inconnu;02/10/2026
avoventes;https://www.cookiebot.com/fr/powered-by-cookiebot-c-est-quoi-au-juste/?utm_source=banner_cb&utm_medium=referral&utm_content=v2;sse email. Inscription Trier par Date croissante Vente aux enchères Bureau(x) UN PLATEAU DE BUREAUX à LORIENT Rue Auguste Nayel, 56100 Lorient, France;Appartement;2000.0;;;;56100;21/09/2026;;;terminee;02/10/2026
avoventes;https://friendlycaptcha.com/;ngeZonzaZoteuxZouafquesZoufftgenZozaZuaniZudausquesZutkerqueZuydcooteZuytpeeneToutes les villes Distance 0 km10 km15 km25 km50 km100 km200km500 km0 km;Appartement;;;;;75008;;;;future;02/10/2026
avoventes;https://avoventes.fr/politique-de-confidentialite;ngeZonzaZoteuxZouafquesZoufftgenZozaZuaniZudausquesZutkerqueZuydcooteZuytpeeneToutes les villes Distance 0 km10 km15 km25 km50 km100 km200km500 km0 km;Appartement;;;;;75008;;;;future;02/10/2026
encheres_immo;https://encheres-immo.com/annonce/agreable-maison-au-clame-la-voge-les-bains-88240-453;;Maison;99000.0;;;;88240;;;;inconnu;02/10/2026
encheres_immo;https://encheres-immo.com/annonce/immeuble-de-rapport-mazamet-81200-2216;;Immeuble;97000.0;;;;81200;;;;inconnu;02/10/2026
encheres_immo;https://encheres-immo.com/annonce/maison-3-pieces-de-65-m2-laignes-21330-26;;Maison;27000.0;;;;21330;;65;3.0;inconnu;02/10/2026
encheres_immo;https://encheres-immo.com/annonce/maison-carentan-les-marais-50500-3821;;Maison;65500.0;;;;50500;;;;inconnu;02/10/2026
encheres_immo;https://encheres-immo.com/annonce/maison-forestiere-de-159-m2-grandfontaine-grandfontaine-67130-4879;;Maison;50600.0;;;;67130;;;;inconnu;02/10/2026
encheres_immo;https://encheres-immo.com/annonce/magescq-%E2%80%94-maison-contemporaine-de-plain-pied-125-m2-piscine-pool-house-et-double-garage-magescq-40140-3906;;Maison;390000.0;;;;40140;;125;;inconnu;02/10/2026
encheres_immo;https://encheres-immo.com/annonce/eveche-4-pieces-terrasse-double-garage-nice-06100-989;;Autre;430000.0;;;;06100;;;4.0;inconnu;02/10/2026
encheres_immo;https://encheres-immo.com/annonce/appartement-t3-64m2-aix-les-bains-aix-les-bains-73100-236;;Appartement;225000.0;;;;73100;;64;;inconnu;02/10/2026
encheres_immo;https://encheres-immo.com/annonce/hebergement-insolite-cle-en-main-avec-sauna-et-bain-nordique-ideal-location-courte-duree-pierre-percee-54540-3452;;Autre;114500.0;;;;54540;;;;inconnu;02/10/2026
encheres_immo;https://encheres-immo.com/annonce/maison-a-vendre-rang-du-fliers-rang-du-fliers-62180-520;;Autre;195000.0;;;;62180;;;;inconnu;02/10/2026
encheres_immo;https://encheres-immo.com/annonce/maison-ancienne-a-renover-sur-la-commune-de-tracy-proche-de-sancerre-tracy-sur-loire-58150-2176;;Maison;6000.0;;;;58150;;;;inconnu;02/10/2026
encheres_immo;https://encheres-immo.com/annonce/maison-bannay-bannay-18300-1260;;Maison;140000.0;;;;18300;;;;inconnu;02/10/2026
encheres_immo;https://encheres-immo.com/annonce/maison-mitoyenne-de-75-m2-a-chateauneuf-val-de-bargis-chateauneuf-val-de-bargis-58350-890;;Maison;24000.0;;;;58350;;75;;inconnu;02/10/2026
encheres_immo;https://encheres-immo.com/annonce/appartement-t5-meuble-de-94-m2-4-chambres-2-sde-balcon-1-cave-parking-proximite-commodites-bus-la-roche-sur-yon-85000-2326;;Appartement;99900.0;;;;85000;;94;;inconnu;02/10/2026
encheres_immo;https://encheres-immo.com/annonce/rare-a-caen-maison-recente-avec-chambre-au-rez-de-chaussee-caen-14000-2436;;Maison;420000.0;;;;14000;;;;inconnu;02/10/2026
encheres_immo;https://encheres-immo.com/annonce/t3-vue-ocean-79m2-biarritz-64200-889;;Appartement;2469999.0;;;;64200;;;;inconnu;02/10/2026
encheres_immo;https://encheres-immo.com/annonce/dupuis-montmorency-95160-4918;;Maison;650000.0;;;;95160;;;7.0;inconnu;02/10/2026
encheres_immo;https://encheres-immo.com/annonce/a-vendre-en-vente-interactive-%E2%80%93-propriete-d-exception-%E2%80%93-bois-le-roi-bois-le-roi-77590-153;;Autre;824000.0;;;;77590;;;;inconnu;02/10/2026
encheres_immo;https://encheres-immo.com/annonce/exclusivite-%E2%80%93-maison-en-copropriete-avec-espace-bien-etre-jaccuzzi-spa-jardin-amenage-et-vue-montagnes-a-ville-en-sallaz-ville-en-sallaz-74250-2403;;Maison;490000.0;;;;74250;;;;inconnu;02/10/2026
encheres_immo;https://encheres-immo.com/annonce/maison-7-pieces-200-m2-chambrey-57170-3954;;Maison;94500.0;;;;57170;;200;7.0;inconnu;02/10/2026
encheres_immo;https://encheres-immo.com/annonce/165a-26-alpesdazurimmo-nice-06000-922;;Autre;280000.0;;;;06000;;;;inconnu;02/10/2026
encheres_immo;https://encheres-immo.com/annonce/maison-de-charme-a-renover-avec-vue-mer-a-grasse-grasse-06130-4232;;Maison;300000.0;;;;06130;;;;inconnu;02/10/2026
encheres_immo;https://encheres-immo.com/annonce/appartement-3-pieces-balcon-2-parkings-st-medard-en-jalles-saint-medard-en-jalles-33160-1032;;Appartement;199500.0;;;;33160;;;3.0;inconnu;02/10/2026
encheres_immo;https://encheres-immo.com/annonce/chaville-%E2%80%93-duplex-5-pieces-%E2%80%93-dernier-etage-%E2%80%93-102-m2-%E2%80%93-3-chambres-%E2%80%93-box-chaville-92370-1518;;Appartement;400000.0;;;;92370;;102;5.0;inconnu;02/10/2026
encheres_immo;https://encheres-immo.com/annonce/terrain-plat-300m2-borne-au-calme-portets-33640-4562;;Terrain;38900.0;;;;33640;;;;inconnu;02/10/2026
encheres_immo;https://encheres-immo.com/annonce/vm56239-sainte-eulalie-dand-039-olt-12130-1264;;Autre;;;;;12130;;;;inconnu;02/10/2026
encheres_immo;https://encheres-immo.com/annonce/opportunite-rare-lahonce-64990-3373;;Villa;635000.0;;;;64990;;;;inconnu;02/10/2026
encheres_immo;https://encheres-immo.com/annonce/agreable-maison-au-clame-sans-vis-a-vis-saint-barbe-88700-2368;;Maison;90000.0;;;;88700;;;;inconnu;02/10/2026
encheres_immo;https://encheres-immo.com/annonce/maison-sur-sous-sol-de-158m2-5-chambres-2-sde-hors-lotissement-piscine-jardin-garage-aubigny-les-clouzeaux-85430-4315;;Maison;299900.0;;;;85430;;158;;inconnu;02/10/2026
immonotaires;https://immonotairesencheres.com/bien/wbtc4n2ofoxx0x2w2qx98jld;Plateau de bureaux 20 ter rue de Bezons;Autre;2600000.0;;;;92400;;;10.0;inconnu;02/10/2026
immonotaires;https://immonotairesencheres.com/bien/cq2ei9ejxdwd0qkb2ok93lpr;Local 7 rue d'Artois;Autre;15000.0;;;;75008;;;1.0;inconnu;02/10/2026
immonotaires;https://immonotairesencheres.com/bien/a912j6nsys9mfnddmcridpuq;Appartement 30 Avenue Franklin Roosevelt;Autre;188000.0;;;;94300;;;1.0;inconnu;02/10/2026
immonotaires;https://immonotairesencheres.com/bien/uxcp91telm9d8chh214deyeu;Grand Atelier - 17&19 rue de l'Atlas;Autre;480000.0;;;;75019;;;5.0;inconnu;02/10/2026
immonotaires;https://immonotairesencheres.com/bien/ixds7q2txmk8vvb5yttqzw75;Duplex - 27 rue d’Estienne d’Orves-lot 8;Autre;340000.0;;;;92700;;;4.0;inconnu;02/10/2026
immonotaires;https://immonotairesencheres.com/bien/wgtupyeu9xbx4drj75plafu7;Plateau de Bureaux 14 rue Scandicci;Autre;350000.0;;;;93500;;;10.0;inconnu;02/10/2026
immonotaires;https://immonotairesencheres.com/bien/kdbymfsnu487gnkw5c4lrvgx;Maison 42 et 42 bis grande rue;Autre;;;;;77630;;;10.0;inconnu;02/10/2026
immonotaires;https://immonotairesencheres.com/bien/ovr54kpzub6m4m395e4b1trj;Pièce 21 rue Théodore de Banville;Appartement;45000.0;;;;75017;;8.38;1.0;inconnu;02/10/2026
immonotaires;https://immonotairesencheres.com/bien/uogo8c37exomoy2pq4ycdikf;Pièce 16 rue Marie Stuart;Habitation;56000.0;;;;75002;;8.51;1.0;inconnu;02/10/2026
immonotaires;https://immonotairesencheres.com/bien/o484btxvk80gywll2j66w83e;Emplacement de parking 141B rue de Saussure;Autre;21000.0;;;;75017;;;0.0;inconnu;02/10/2026
immonotaires;https://immonotairesencheres.com/bien/t6bsf59d15jq8w507qwtba2f;Appartement 5 rue du Lieutenant Thomas;Appartement;120000.0;;;;93170;;37.23;3.0;inconnu;02/10/2026
immonotaires;https://immonotairesencheres.com/bien/icly631a6115d9zbntx2xx3x;Piece 40 rue Fondary;Autre;42000.0;;;;75015;;;1.0;inconnu;02/10/2026
immonotaires;https://immonotairesencheres.com/bien/yhwr9ebubmeqj4x1naia8560;Locaux d'activité - Ateliers 9-11 impasse Delaunay;Local;1364000.0;;;;75011;;346.2;0.0;inconnu;02/10/2026
immonotaires;https://immonotairesencheres.com/bien/xp562br5ut2zk7odb2usrakf;Local 42 boulevard de Port Royal;Local;148000.0;;;;75005;;23.48;2.0;inconnu;02/10/2026
immonotaires;https://immonotairesencheres.com/bien/yy6a240vemzukeidfp5p4bow;Locaux (lot 1&2) - 16 rue Visconti;Local;568768.0;;;;75006;;88.87;3.0;inconnu;02/10/2026
immonotaires;https://immonotairesencheres.com/bien/yab4f2sngsqqzt66fes3ilbd;Local commercial (Lot 3) - 16 rue Visconti;Local;200192.0;;;;75006;;31.28;2.0;inconnu;02/10/2026
immonotaires;https://immonotairesencheres.com/bien/a4v7cf35oo6fxg23pfff6jfn;Appartement 19 rue Dupont de l'Eure;Appartement;214000.0;;;;75020;;36.37;2.0;inconnu;02/10/2026
immonotaires;https://immonotairesencheres.com/bien/jfiqz4md1hnpoersa24j7tus;Appartement 20 rue Maurice Thorez Lot 94;Appartement;144000.0;;;;93200;;81.25;4.0;inconnu;02/10/2026
immonotaires;https://immonotairesencheres.com/bien/nib97bbuuhsxzkfpw60t7bii;Studio 2 rue Aumont Thieville;Appartement;191000.0;;;;75017;;23.44;0.0;inconnu;02/10/2026
immonotaires;https://immonotairesencheres.com/bien/cr70u6q0weeaen5908u7pzpr;Appartement 10 avenue Roger Salengro;Appartement;129500.0;;;;94500;;65.05;3.0;inconnu;02/10/2026
immonotaires;https://immonotairesencheres.com/bien/br6myxxrftc05dm1onaxay1v;Appartement 113 boulevard Voltaire;Appartement;239000.0;;;;75011;;37.93;2.0;inconnu;02/10/2026
immonotaires;https://immonotairesencheres.com/bien/ped9cm4env2w3sfqv1c71na1;Studio 43 rue Roque de Fillol;Appartement;181000.0;;;;92800;;33.21;0.0;inconnu;02/10/2026
immonotaires;https://immonotairesencheres.com/bien/t2ai7je2evdc9zvbq4xpgor4;Appartement 152 avenue Emile Cossonneau;Appartement;117000.0;;;;93160;;61.21;4.0;inconnu;02/10/2026
immonotaires;https://immonotairesencheres.com/bien/amotjnqq01mljcqiuvfnge1o;Appartement 139 rue Gabriel Péri;Appartement;85000.0;;;;93200;;59.47;3.0;inconnu;02/10/2026
immonotaires;https://immonotairesencheres.com/bien/cbegd5b1atkpc53d33z5dzfw;Local d'activités/Entrepôt 1 chemin des Iles;Local;1390000.0;;;;78610;;2940.41;0.0;inconnu;02/10/2026
vench;https://www.vench.fr/vente-166645-une-maison-d-habitation-beaune.html;UNE MAISON D'HABITATION • 171m² • Beaune;Maison;;;;;21200;04/11/2026;171;;future;02/10/2026
vench;https://www.vench.fr/vente-166636-une-maison-individuelle-ispagnac.html;UNE MAISON INDIVIDUELLE • Ispagnac;Maison;;;;;48320;02/11/2026;;;future;02/10/2026
vench;https://www.vench.fr/vente-166640-une-parcelle-de-terrain-cressensac-sarrazac.html;UNE PARCELLE DE TERRAIN • Cressensac-Sarrazac;Terrain;;;;;46600;26/11/2026;;;future;02/10/2026
vench;https://www.vench.fr/vente-166635-deux-appartements-lyon.html;DEUX APPARTEMENTS • Lyon;Appartement;;;;;69009;05/11/2026;;;future;02/10/2026
vench;https://www.vench.fr/vente-166637-deux-appartements-independants-marvejols.html;DEUX APPARTEMENTS INDÉPENDANTS • Marvejols;Appartement;;;;;48100;02/11/2026;;;future;02/10/2026
vench;https://www.vench.fr/vente-166643-un-appartement-de-type-f2-perpignan.html;UN APPARTEMENT DE TYPE F2 • 48,6m² • Perpignan;Appartement;;;;;66000;13/11/2026;48,6;;future;02/10/2026
vench;https://www.vench.fr/vente-166646-une-maison-de-village-beurizot.html;UNE MAISON DE VILLAGE • Beurizot;Maison;;;;;21350;04/11/2026;;;future;02/10/2026
vench;https://www.vench.fr/vente-166641-une-maison-individuelle-cahors.html;UNE MAISON INDIVIDUELLE • Cahors;Maison;;;;;46000;26/11/2026;;;future;02/10/2026
vench;https://www.vench.fr/vente-166638-un-immeuble-argenton-sur-creuse.html;UN IMMEUBLE • 206,3m² • Argenton-sur-Creuse;Immeuble;4000.0;;;;36200;05/11/2026;206,3;;future;02/10/2026
vench;https://www.vench.fr/vente-166639-une-maison-d-habitation-mitoyenne-martel.html;UNE MAISON D'HABITATION MITOYENNE • Martel;Maison;;;;;46600;26/11/2026;;;future;02/10/2026
vench;https://www.vench.fr/vente-166642-un-appartement-de-type-t3-et-un-parking-montpellier.html;UN APPARTEMENT DE TYPE T3 ET UN PARKING • Montpellier;Appartement;;;;;34000;09/11/2026;;;future;02/10/2026
vench;https://www.vench.fr/vente-166634-un-ensemble-immobilier-saint-laurent-blangy.html;UN ENSEMBLE IMMOBILIER • Saint-Laurent-Blangy;Immeuble;;;;;62223;05/11/2026;;;future;02/10/2026
vench;https://www.vench.fr/vente-166632-un-appartement-avignon.html;UN APPARTEMENT • Avignon;Appartement;36000.0;;;;84000;19/11/2026;;;future;02/10/2026
vench;https://www.vench.fr/vente-166633-une-maison-dhabitation-avignon.html;UNE MAISON D’HABITATION • Avignon;Maison;9000.0;;;;84140;19/11/2026;;;future;02/10/2026
costes;https://www.costes-viager.com/acheter/aisne-02/saint-remy-blanzy/maison-4pieces-422402012;Vente à terme libre Ref. : 422402012 Maison - 4 pièces - 120m² Saint-Rémy-Blanzy (02210) Bouquet FAI 65 750 € Mensualités 833 €/mois Prix d'achat (FAI;Maison;;;65750.0;;02210;;;;inconnu;02/10/2026
costes;https://www.costes-viager.com/acheter/lot-et-garonne-47/lafitte-sur-lot/maison-5pieces-422647055;46 % de décote Vente en nue propriété Ref. : 422647055 Maison - 5 pièces - 98m² Lafitte-sur-Lot (47320) Bouquet FAI 15 000 € Rente 331 €/mois Valeur d;Maison;;331.0;15000.0;;47320;;;;inconnu;02/10/2026
costes;https://www.costes-viager.com/acheter/gard-30/saint-jean-du-pin/maison-8pieces-422530021;31 % de décote Viager occupé Ref. : 422530021 Maison - 8 pièces - 250m² Saint-Jean-du-Pin (30140) Homme, 78 ans Bouquet FAI 100 400 € Rente 715 €/mois;Maison;;715.0;100400.0;78.0;30140;;;;inconnu;02/10/2026
costes;https://www.costes-viager.com/acheter/seine-et-marne-77/veneux-les-sablons/maison-4pieces-422677113;39 % de décote Vente en nue propriété Ref. : 422677113 Maison - 4 pièces - 66m² Veneux-les-Sablons (77250) Homme, 66 ans Bouquet FAI 125 365 € Valeur ;Maison;;;125365.0;66.0;77250;;;;inconnu;02/10/2026
costes;https://www.costes-viager.com/acheter/seine-et-marne-77/fontainebleau/appartement-1piece-422677114;34 % de décote Vente en nue propriété Ref. : 422677114 Appartement - 1 pièces - 39m² Fontainebleau (77300) Homme, 70 ans Bouquet FAI 144 540 € Valeur ;Appartement;;;144540.0;70.0;77300;;;;inconnu;02/10/2026
avoventes;https://avoventes.fr/recherche/toutes#;ate croissante Vente aux enchères Appartement APPARTEMENT + CAVE + PARKING à PONT SAINTE MAXENCE 18 Rue René Firmin, 60700 Pont-Sainte-Maxence, France;Appartement;2000.0;;;;60700;22/09/2026;;;terminee;02/10/2026
encheres_immo;https://encheres-immo.com/annonce/entrevaux-04320-f3-68-74-m2-veranda-et-cave-jardins-privatifs-et-stationnement-au-calme-beau-potentiel-apres-renovation-entrevaux-04320-1858;;Appartement;70000.0;;;;04320;;74;;inconnu;02/10/2026
encheres_immo;https://encheres-immo.com/annonce/hauts-des-chaprais-besancon-appartement-t4-avec-cellier-et-stationnement-privatif-besancon-25000-3962;;Appartement;170000.0;;;;25000;;;;inconnu;02/10/2026
encheres_immo;https://encheres-immo.com/annonce/maison-de-bourg-partiellement-renovee-pleumartin-86450-3061;;Maison;40000.0;;;;86450;;;;inconnu;02/10/2026
encheres_immo;https://encheres-immo.com/annonce/a-vendre-en-vente-interactive-%E2%80%93-studio-1-piece-paris-07-paris-75007-3464;;Appartement;790000.0;;;;75007;;;;inconnu;02/10/2026
vench;https://www.vench.fr/vente-166660-un-appartement-avec-une-cave-et-un-garage-nice.html;UN APPARTEMENT AVEC UNE CAVE ET UN GARAGE • 57,36m² • Nice;Appartement;3000.0;;;;06300;19/11/2026;57,36;;future;02/10/2026
vench;https://www.vench.fr/vente-166655-un-appartement-saint-genest-lerpt.html;UN APPARTEMENT • 50,37m² • Saint-Genest-Lerpt;Appartement;;;;;42530;19/11/2026;50,37;;future;02/10/2026
vench;https://www.vench.fr/vente-166651-une-maison-d-habitation-tregunc.html;UNE MAISON D'HABITATION • 269,13m² • Trégunc;Maison;;;;;29910;04/11/2026;269,13;;future;02/10/2026
vench;https://www.vench.fr/vente-166659-un-appartement-cannes.html;UN APPARTEMENT • 55,31m² • Cannes;Appartement;;;;;06400;19/11/2026;55,31;;future;02/10/2026
vench;https://www.vench.fr/vente-166658-un-appartement-grasse.html;UN APPARTEMENT • 73,35m² • Grasse;Appartement;;;;;06130;19/11/2026;73,35;;future;02/10/2026
vench;https://www.vench.fr/vente-166652-un-bail-a-construction-saint-martin-d-uriage.html;UN BAIL À CONSTRUCTION • Saint-Martin-d'Uriage;Immeuble;;;;;38410;24/11/2026;;;future;02/10/2026
vench;https://www.vench.fr/vente-166650-une-maison-a-usage-d-habitation-plappeville.html;UNE MAISON À USAGE D'HABITATION • Plappeville;Maison;;;;;57050;02/11/2026;;;future;02/10/2026
vench;https://www.vench.fr/vente-166661-une-maison-mougins.html;UNE MAISON • Mougins;Maison;;;;;06250;19/11/2026;;;future;02/10/2026
vench;https://www.vench.fr/vente-166654-un-appartement-de-type-studio-saint-cyr-sur-mer.html;UN APPARTEMENT DE TYPE STUDIO • 43,77m² • Saint-Cyr-sur-Mer;Appartement;;;;;83270;12/11/2026;43,77;;future;02/10/2026
vench;https://www.vench.fr/vente-166653-des-bureaux-sassenage.html;DES BUREAUX • 65,83m² • Sassenage;Autre;;;;;38360;24/11/2026;65,83;;future;02/10/2026
vench;https://www.vench.fr/vente-166657-un-appartement-et-un-garage-cannes.html;UN APPARTEMENT ET UN GARAGE • 44,01m² • Cannes;Appartement;;;;;06400;19/11/2026;44,01;;future;02/10/2026
vench;https://www.vench.fr/vente-166648-une-maison-individuelle-bining.html;UNE MAISON INDIVIDUELLE • Bining;Maison;23000.0;;;;57410;06/11/2026;;;future;02/10/2026
vench;https://www.vench.fr/vente-166647-un-tenement-a-usage-industriel-vienne.html;UN TÈNEMENT À USAGE INDUSTRIEL • Vienne;Autre;;;;;38200;03/11/2026;;;future;02/10/2026
vench;https://www.vench.fr/vente-166649-une-maison-d-habitation-hestroff.html;UNE MAISON D'HABITATION • Hestroff;Maison;;;;;57320;15/10/2026;;;future;02/10/2026
avoventes;https://avoventes.fr/;ate croissante Vente aux enchères Appartement APPARTEMENT + CAVE + PARKING à PONT SAINTE MAXENCE 18 Rue René Firmin, 60700 Pont-Sainte-Maxence, France;Appartement;40000.0;;;;60700;22/09/2026;;;terminee;02/10/2026
vench;https://www.vench.fr/vente-166662-un-appartement-et-une-cave-nice.html;UN APPARTEMENT ET UNE CAVE • 63,36m² • Nice;Appartement;40000.0;;;;06000;19/11/2026;63,36;;future;02/10/2026
vench;https://www.vench.fr/vente-166663-une-maison-de-4-pieces-saint-laurent-du-var.html;UNE MAISON DE 4 PIÈCES • 100,9m² • Saint-Laurent-du-Var;Maison;250000.0;;;;06700;19/11/2026;100,9;;future;02/10/2026
vench;https://www.vench.fr/vente-166667-une-maison-en-pierre-a-usage-d-habitation-quinsac.html;UNE MAISON EN PIERRE À USAGE D'HABITATION • Quinsac;Maison;1000000.0;;;;33360;19/11/2026;;;future;02/10/2026
vench;https://www.vench.fr/vente-166666-une-maison-d-habitation-cussac-fort-medoc.html;UNE MAISON D'HABITATION • Cussac-Fort-Médoc;Maison;173500.0;;;;33460;29/10/2026;;;future;02/10/2026
costes;https://www.costes-viager.com/acheter/seine-et-marne-77/melun/appartement-2pieces-422677108;Vente à terme libre Ref. : 422677108 Appartement - 2 pièces - 39m² Melun (77000) Bouquet FAI 61 025 € Mensualités 655 €/mois Prix d'achat (FAI) 116 02;Appartement;;;61025.0;;77000;;;;inconnu;03/10/2026
costes;https://www.costes-viager.com/acheter/haute-garonne-31/toulouse/appartement-3pieces-422631166;Viager libre Ref. : 422631166 Appartement - 3 pièces - 65m² Toulouse (31300) Homme, 66 ans Bouquet FAI 42 100 € Rente 1 242 €/mois Valeur du bien 260 ;Appartement;;1242.0;42100.0;66.0;31300;;;;inconnu;03/10/2026
costes;https://www.costes-viager.com/acheter/haute-garonne-31/muret/appartement-3pieces-422131018;43 % de décote Viager occupé Ref. : 422131018 Appartement - 3 pièces - 62m² Muret (31600) Homme, 74 ans Bouquet FAI 39 000 € Rente 485 €/mois Valeur d;Appartement;;485.0;39000.0;74.0;31600;;;;inconnu;03/10/2026
avoventes;https://avoventes.fr/#comment-acheter; aux enchères Terrain 1 parcelle de terrain + 1 parcelle + 1 terrain à SENS-BEAUJEU (VENTE EN 3 LOTS) Les Quartiers Royers, 18300 Sens-Beaujeu, France;Appartement;10000.0;;;;18300;23/09/2026;;;terminee;03/10/2026
encheres_immo;https://encheres-immo.com/annonce/maison-forestiere-haut-donon-67130-grandfontaine-grandfontaine-67130-2481;;Maison;37400.0;;;;67130;;;;inconnu;03/10/2026
encheres_immo;https://encheres-immo.com/annonce/opportunite-d-investissement-au-centre-ville-de-dole-dole-39100-3237;;Autre;100000.0;;;;39100;;;;inconnu;03/10/2026
encheres_immo;https://encheres-immo.com/annonce/maison-8-pieces-5-chambres-226-m2-rechicourt-le-chateau-57810-4500;;Maison;175100.0;;;;57810;;226;8;inconnu;03/10/2026
